{"cameraMode":{"drawMode":0,"name":"Shaded","section":"Shading Mode"},"sceneLighting":true,"audioPlay":false,"sceneViewState":{"m_AlwaysRefresh":false,"showFog":true,"showSkybox":true,"showFlares":true,"showImageEffects":true,"showParticleSystems":true,"showVisualEffectGraphs":true,"m_FxEnabled":true},"in2DMode":false,"pivot":{"x":1671.654296875,"y":1047.943603515625,"z":92.59954833984375},"rotation":{"x":0.0045008412562310699,"y":-0.0005929374601691961,"z":0.000003581239070626907,"w":-0.9999961853027344},"size":1268.7620849609375,"orthographic":false}