{"cameraMode":{"drawMode":0,"name":"Shaded","section":"Shading Mode"},"sceneLighting":false,"audioPlay":false,"sceneViewState":{"m_AlwaysRefresh":false,"showFog":true,"showSkybox":false,"showFlares":true,"showImageEffects":true,"showParticleSystems":true,"showVisualEffectGraphs":true,"m_FxEnabled":true},"in2DMode":false,"pivot":{"x":0.08426189422607422,"y":9.733999252319336,"z":0.06403923034667969},"rotation":{"x":0.05716211348772049,"y":0.2855367660522461,"z":0.01706506684422493,"w":-0.9565123319625855},"size":12.09493350982666,"orthographic":false}