{"cameraMode":{"drawMode":0,"name":"Shaded","section":"Shading Mode"},"sceneLighting":false,"audioPlay":false,"sceneViewState":{"m_AlwaysRefresh":false,"showFog":true,"showSkybox":false,"showFlares":true,"showImageEffects":true,"showParticleSystems":true,"showVisualEffectGraphs":true,"m_FxEnabled":true},"in2DMode":false,"pivot":{"x":0.08426189422607422,"y":9.553999900817871,"z":0.06403923034667969},"rotation":{"x":-0.03395508602261543,"y":-0.4071968197822571,"z":-0.01515161246061325,"w":0.9125858545303345},"size":11.125252723693848,"orthographic":false}